{
  "pixel_classifier_type": "OpenCVPixelClassifier",
  "metadata": {
    "inputPadding": 0,
    "inputResolution": {
      "pixelWidth": {
        "value": 1.0062,
        "unit": "µm"
      },
      "pixelHeight": {
        "value": 1.0062,
        "unit": "µm"
      },
      "zSpacing": {
        "value": 1.0,
        "unit": "z-slice"
      },
      "timeUnit": "SECONDS",
      "timepoints": []
    },
    "inputWidth": 512,
    "inputHeight": 512,
    "inputNumChannels": 3,
    "outputType": "CLASSIFICATION",
    "outputChannels": [
      {
        "name": "Fat",
        "color": -1671091
      },
      {
        "name": "Ignore*",
        "color": 16776702
      }
    ],
    "classificationLabels": {
      "0": {
        "name": "Fat",
        "color": [
          230,
          128,
          77
        ]
      },
      "1": {
        "name": "Ignore*",
        "color": [
          180,
          180,
          180
        ]
      }
    }
  },
  "op": {
    "type": "data.op.channels",
    "colorTransforms": [
      {
        "channelName": "Red"
      },
      {
        "channelName": "Green"
      },
      {
        "channelName": "Blue"
      }
    ],
    "op": {
      "type": "op.core.sequential",
      "ops": [
        {
          "type": "op.core.sequential",
          "ops": [
            {
              "type": "op.core.sequential",
              "ops": [
                {
                  "type": "op.normalize.local",
                  "sigmaMean": 8.0,
                  "sigmaStdDev": 8.0
                },
                {
                  "type": "op.core.split-merge",
                  "ops": [
                    {
                      "type": "op.filters.multiscale",
                      "features": [
                        "GAUSSIAN",
                        "LAPLACIAN",
                        "WEIGHTED_STD_DEV",
                        "GRADIENT_MAGNITUDE",
                        "STRUCTURE_TENSOR_EIGENVALUE_MAX",
                        "STRUCTURE_TENSOR_EIGENVALUE_MIN",
                        "STRUCTURE_TENSOR_COHERENCE",
                        "HESSIAN_DETERMINANT",
                        "HESSIAN_EIGENVALUE_MAX",
                        "HESSIAN_EIGENVALUE_MIN"
                      ],
                      "sigmaX": 0.5,
                      "sigmaY": 0.5
                    },
                    {
                      "type": "op.filters.multiscale",
                      "features": [
                        "GAUSSIAN",
                        "LAPLACIAN",
                        "WEIGHTED_STD_DEV",
                        "GRADIENT_MAGNITUDE",
                        "STRUCTURE_TENSOR_EIGENVALUE_MAX",
                        "STRUCTURE_TENSOR_EIGENVALUE_MIN",
                        "STRUCTURE_TENSOR_COHERENCE",
                        "HESSIAN_DETERMINANT",
                        "HESSIAN_EIGENVALUE_MAX",
                        "HESSIAN_EIGENVALUE_MIN"
                      ],
                      "sigmaX": 1.0,
                      "sigmaY": 1.0
                    },
                    {
                      "type": "op.filters.multiscale",
                      "features": [
                        "GAUSSIAN",
                        "LAPLACIAN",
                        "WEIGHTED_STD_DEV",
                        "GRADIENT_MAGNITUDE",
                        "STRUCTURE_TENSOR_EIGENVALUE_MAX",
                        "STRUCTURE_TENSOR_EIGENVALUE_MIN",
                        "STRUCTURE_TENSOR_COHERENCE",
                        "HESSIAN_DETERMINANT",
                        "HESSIAN_EIGENVALUE_MAX",
                        "HESSIAN_EIGENVALUE_MIN"
                      ],
                      "sigmaX": 2.0,
                      "sigmaY": 2.0
                    },
                    {
                      "type": "op.filters.multiscale",
                      "features": [
                        "GAUSSIAN",
                        "LAPLACIAN",
                        "WEIGHTED_STD_DEV",
                        "GRADIENT_MAGNITUDE",
                        "STRUCTURE_TENSOR_EIGENVALUE_MAX",
                        "STRUCTURE_TENSOR_EIGENVALUE_MIN",
                        "STRUCTURE_TENSOR_COHERENCE",
                        "HESSIAN_DETERMINANT",
                        "HESSIAN_EIGENVALUE_MAX",
                        "HESSIAN_EIGENVALUE_MIN"
                      ],
                      "sigmaX": 4.0,
                      "sigmaY": 4.0
                    },
                    {
                      "type": "op.filters.multiscale",
                      "features": [
                        "GAUSSIAN",
                        "LAPLACIAN",
                        "WEIGHTED_STD_DEV",
                        "GRADIENT_MAGNITUDE",
                        "STRUCTURE_TENSOR_EIGENVALUE_MAX",
                        "STRUCTURE_TENSOR_EIGENVALUE_MIN",
                        "STRUCTURE_TENSOR_COHERENCE",
                        "HESSIAN_DETERMINANT",
                        "HESSIAN_EIGENVALUE_MAX",
                        "HESSIAN_EIGENVALUE_MIN"
                      ],
                      "sigmaX": 8.0,
                      "sigmaY": 8.0
                    }
                  ]
                }
              ]
            },
            {
              "type": "op.ml.feature-preprocessor",
              "preprocessor": {
                "normalizer": {
                  "offsets": [
                    0.0,
                    0.0,
                    0.0,
                    0.0,
                    0.0,
                    0.0,
                    0.0,
                    0.0,
                    0.0,
                    0.0,
                    0.0,
                    0.0,
                    0.0,
                    0.0,
                    0.0,
                    0.0,
                    0.0,
                    0.0,
                    0.0,
                    0.0,
                    0.0,
                    0.0,
                    0.0,
                    0.0,
                    0.0,
                    0.0,
                    0.0,
                    0.0,
                    0.0,
                    0.0,
                    0.0,
                    0.0,
                    0.0,
                    0.0,
                    0.0,
                    0.0,
                    0.0,
                    0.0,
                    0.0,
                    0.0,
                    0.0,
                    0.0,
                    0.0,
                    0.0,
                    0.0,
                    0.0,
                    0.0,
                    0.0,
                    0.0,
                    0.0,
                    0.0,
                    0.0,
                    0.0,
                    0.0,
                    0.0,
                    0.0,
                    0.0,
                    0.0,
                    0.0,
                    0.0,
                    0.0,
                    0.0,
                    0.0,
                    0.0,
                    0.0,
                    0.0,
                    0.0,
                    0.0,
                    0.0,
                    0.0,
                    0.0,
                    0.0,
                    0.0,
                    0.0,
                    0.0,
                    0.0,
                    0.0,
                    0.0,
                    0.0,
                    0.0,
                    0.0,
                    0.0,
                    0.0,
                    0.0,
                    0.0,
                    0.0,
                    0.0,
                    0.0,
                    0.0,
                    0.0,
                    0.0,
                    0.0,
                    0.0,
                    0.0,
                    0.0,
                    0.0,
                    0.0,
                    0.0,
                    0.0,
                    0.0,
                    0.0,
                    0.0,
                    0.0,
                    0.0,
                    0.0,
                    0.0,
                    0.0,
                    0.0,
                    0.0,
                    0.0,
                    0.0,
                    0.0,
                    0.0,
                    0.0,
                    0.0,
                    0.0,
                    0.0,
                    0.0,
                    0.0,
                    0.0,
                    0.0,
                    0.0,
                    0.0,
                    0.0,
                    0.0,
                    0.0,
                    0.0,
                    0.0,
                    0.0,
                    0.0,
                    0.0,
                    0.0,
                    0.0,
                    0.0,
                    0.0,
                    0.0,
                    0.0,
                    0.0,
                    0.0,
                    0.0,
                    0.0,
                    0.0,
                    0.0,
                    0.0,
                    0.0,
                    0.0,
                    0.0,
                    0.0,
                    0.0,
                    0.0
                  ],
                  "scales": [
                    1.0,
                    1.0,
                    1.0,
                    1.0,
                    1.0,
                    1.0,
                    1.0,
                    1.0,
                    1.0,
                    1.0,
                    1.0,
                    1.0,
                    1.0,
                    1.0,
                    1.0,
                    1.0,
                    1.0,
                    1.0,
                    1.0,
                    1.0,
                    1.0,
                    1.0,
                    1.0,
                    1.0,
                    1.0,
                    1.0,
                    1.0,
                    1.0,
                    1.0,
                    1.0,
                    1.0,
                    1.0,
                    1.0,
                    1.0,
                    1.0,
                    1.0,
                    1.0,
                    1.0,
                    1.0,
                    1.0,
                    1.0,
                    1.0,
                    1.0,
                    1.0,
                    1.0,
                    1.0,
                    1.0,
                    1.0,
                    1.0,
                    1.0,
                    1.0,
                    1.0,
                    1.0,
                    1.0,
                    1.0,
                    1.0,
                    1.0,
                    1.0,
                    1.0,
                    1.0,
                    1.0,
                    1.0,
                    1.0,
                    1.0,
                    1.0,
                    1.0,
                    1.0,
                    1.0,
                    1.0,
                    1.0,
                    1.0,
                    1.0,
                    1.0,
                    1.0,
                    1.0,
                    1.0,
                    1.0,
                    1.0,
                    1.0,
                    1.0,
                    1.0,
                    1.0,
                    1.0,
                    1.0,
                    1.0,
                    1.0,
                    1.0,
                    1.0,
                    1.0,
                    1.0,
                    1.0,
                    1.0,
                    1.0,
                    1.0,
                    1.0,
                    1.0,
                    1.0,
                    1.0,
                    1.0,
                    1.0,
                    1.0,
                    1.0,
                    1.0,
                    1.0,
                    1.0,
                    1.0,
                    1.0,
                    1.0,
                    1.0,
                    1.0,
                    1.0,
                    1.0,
                    1.0,
                    1.0,
                    1.0,
                    1.0,
                    1.0,
                    1.0,
                    1.0,
                    1.0,
                    1.0,
                    1.0,
                    1.0,
                    1.0,
                    1.0,
                    1.0,
                    1.0,
                    1.0,
                    1.0,
                    1.0,
                    1.0,
                    1.0,
                    1.0,
                    1.0,
                    1.0,
                    1.0,
                    1.0,
                    1.0,
                    1.0,
                    1.0,
                    1.0,
                    1.0,
                    1.0,
                    1.0,
                    1.0,
                    1.0,
                    1.0,
                    1.0,
                    1.0,
                    1.0
                  ],
                  "missingValue": 0.0
                },
                "inputLength": 150,
                "outputLength": 150
              }
            }
          ]
        },
        {
          "type": "op.ml.opencv-statmodel",
          "model": {
            "class": "ANN_MLP",
            "statmodel": {
              "opencv_ml_ann_mlp": {
                "format": 3,
                "layer_sizes": [
                  150,
                  2
                ],
                "activation_function": "SIGMOID_SYM",
                "f_param1": 1.0,
                "f_param2": 1.0,
                "min_val": -9.4999999999999996e-01,
                "max_val": 9.4999999999999996e-01,
                "min_val1": -9.7999999999999998e-01,
                "max_val1": 9.7999999999999998e-01,
                "training_params": {
                  "train_method": "RPROP",
                  "dw0": 1.0000000000000001e-01,
                  "dw_plus": 1.2000000000000000e+00,
                  "dw_minus": 5.0000000000000000e-01,
                  "dw_min": 1.1920928955078125e-07,
                  "dw_max": 50.0,
                  "term_criteria": {
                    "epsilon": 1.0000000000000000e-02,
                    "iterations": 1000
                  }
                },
                "input_scale": [
                  1.1797636147414312e+00,
                  9.0472941459338874e-02,
                  3.6064703750166888e-01,
                  -7.7746655481599869e-02,
                  3.5208398798808731e+00,
                  -9.9010406921601735e-01,
                  2.5563694453068195e+00,
                  -9.7086744184671858e-01,
                  2.9970516097838285e-02,
                  -5.7913170878778442e-01,
                  4.8112976662782136e-01,
                  -5.4011055500841954e-01,
                  3.6132681089675902e+00,
                  -2.3889267108919086e+00,
                  2.5159882840382086e-01,
                  -3.4032627795401321e-01,
                  6.0927219083338147e-01,
                  -3.7106171674415495e-01,
                  7.4330149729924022e-01,
                  2.9245128225037581e-01,
                  1.1767431480863266e+00,
                  1.0823304829224571e-01,
                  4.2951596991706281e-01,
                  -9.1488050973510343e-02,
                  4.1147559989204332e+00,
                  -9.2977137591182879e-01,
                  2.8182113634177228e+00,
                  -9.7709586974201368e-01,
                  3.4587964997326429e-02,
                  -5.8227115554600983e-01,
                  5.6342853957411199e-01,
                  -5.0713447209501494e-01,
                  3.6968134671965909e+00,
                  -2.5752162639869987e+00,
                  3.4077184209701772e-01,
                  -3.3909446423784417e-01,
                  7.4116794383742357e-01,
                  -3.7432724653168509e-01,
                  8.7205005431366944e-01,
                  2.5467628474178206e-01,
                  1.1811882425925511e+00,
                  9.2312901837213246e-02,
                  3.9721719838270769e-01,
                  -7.6206633767213053e-02,
                  3.8687175950697763e+00,
                  -9.8707408850581468e-01,
                  2.6910393643633927e+00,
                  -9.9485680529286613e-01,
                  3.1797913737634555e-02,
                  -5.8315032882612361e-01,
                  5.2529679473560686e-01,
                  -5.4386466146745194e-01,
                  3.6376469739060560e+00,
                  -2.4238193822219087e+00,
                  2.9912549030565111e-01,
                  -3.3837133579218109e-01,
                  6.7538322741701873e-01,
                  -3.6954639972920145e-01,
                  8.1803977831097718e-01,
                  2.9066115192471981e-01,
                  1.5385017005396209e+00,
                  7.7628406433772182e-02,
                  2.5761459516077094e+00,
                  -1.0539419104264731e-01,
                  2.7044819771479904e+00,
                  -1.3417654040804106e+00,
                  4.0259078808803013e+00,
                  -1.0377134537385013e+00,
                  4.0200043792380472e-02,
                  -7.0733817098089102e-01,
                  2.6727303747669989e-01,
                  -6.5424547225557650e-01,
                  3.3511646058354754e+00,
                  -1.6656021426511753e+00,
                  1.7797199644264563e+01,
                  1.4436238390119164e-03,
                  3.6938531556050740e+00,
                  -5.9451596584820898e-01,
                  5.0692104182139417e+00,
                  6.0848671804685961e-01,
                  1.4717655384357129e+00,
                  1.0029243953433398e-01,
                  2.7742387132291380e+00,
                  -1.0436606587559955e-01,
                  3.0230759771860005e+00,
                  -1.3378959912433994e+00,
                  4.1692569446049879e+00,
                  -1.0845995106153474e+00,
                  4.6198464012185997e-02,
                  -7.1642365871578484e-01,
                  3.1143287448828244e-01,
                  -6.3131959667684734e-01,
                  3.3323008741350555e+00,
                  -1.7868823612161324e+00,
                  2.0258601846577459e+01,
                  3.8279770296914400e-03,
                  4.0587642682577130e+00,
                  -6.0926075184454298e-01,
                  5.2826793977842179e+00,
                  5.9424965980540667e-01,
                  1.5057555729726140e+00,
                  8.3406206832268417e-02,
                  2.6697659377877270e+00,
                  -9.8319562742711461e-02,
                  2.8925348735709062e+00,
                  -1.3672984229781875e+00,
                  4.0679460969120811e+00,
                  -1.0813984631156495e+00,
                  4.2896007059029191e-02,
                  -7.1444576643963664e-01,
                  2.8795171127274966e-01,
                  -6.6153362720200037e-01,
                  3.3725000796613105e+00,
                  -1.6847269855959810e+00,
                  1.8545766272455282e+01,
                  8.0286497130470271e-04,
                  3.8921335842819929e+00,
                  -6.0399871969049312e-01,
                  5.1544645525736499e+00,
                  6.1006924747434976e-01,
                  2.2067838639911037e+00,
                  4.6366225596552138e-02,
                  1.0021073742390321e+01,
                  -1.0300861501635318e-01,
                  2.7678566161292903e+00,
                  -1.7885662449126052e+00,
                  9.8426542347485224e+00,
                  -1.2439358912620964e+00,
                  5.6265655184590667e-02,
                  -9.0094027186277259e-01,
                  2.3376261547409802e-01,
                  -8.4235000546761685e-01,
                  3.3594770386130337e+00,
                  -1.3134586483443587e+00,
                  2.2542333753186918e+02,
                  1.6609308883698210e-03,
                  1.4965487799983540e+01,
                  -6.6335024514654939e-01,
                  2.0041963795404616e+01,
                  6.8235139746819529e-01,
                  2.0507843653223872e+00,
                  8.1619503693643902e-02,
                  9.7957062486535023e+00,
                  -1.0171487567139371e-01,
                  2.9655744797998831e+00,
                  -1.8099822356467932e+00,
                  9.8031006624787693e+00,
                  -1.3510745905232460e+00,
                  6.4022022826582758e-02,
                  -9.1332410878516679e-01,
                  2.6711464734570284e-01,
                  -8.1871908758257950e-01,
                  3.3008291988859759e+00,
                  -1.3960715064288771e+00,
                  2.4645721373979757e+02,
                  7.0605340142839987e-03,
                  1.4917861250027782e+01,
                  -6.8890079465026222e-01,
                  1.9319767117793724e+01,
                  6.9156993631883479e-01,
                  2.1336060514695228e+00,
                  5.9372051435930100e-02,
                  9.8311934810698247e+00,
                  -9.7999753984987031e-02,
                  2.8902498054840269e+00,
                  -1.8259766391416736e+00,
                  9.8505770240209021e+00,
                  -1.3270049533059085e+00,
                  5.9968691466136856e-02,
                  -9.1116791922060769e-01,
                  2.4766510627589480e-01,
                  -8.4516624960408782e-01,
                  3.3742950596037899e+00,
                  -1.3287393150484661e+00,
                  2.2618568976248838e+02,
                  3.8733270523939687e-03,
                  1.4969624890323471e+01,
                  -6.8355895864647997e-01,
                  1.9395592178104689e+01,
                  6.9232215987873635e-01,
                  3.9282680117599202e+00,
                  -2.6531370002188377e-02,
                  4.9088809503450165e+01,
                  -1.1808255844552197e-01,
                  3.4765620133170088e+00,
                  -2.6108823115579378e+00,
                  2.8766829361271739e+01,
                  -1.4974937826315342e+00,
                  9.3947229208286284e-02,
                  -1.3096794300920098e+00,
                  2.4396275866865280e-01,
                  -1.1085707701322103e+00,
                  3.6811960579455043e+00,
                  -1.1180236181895693e+00,
                  5.2470036057183688e+03,
                  2.2931942463563049e-02,
                  7.6777698154679058e+01,
                  -7.5547797986224663e-01,
                  9.6321767615510439e+01,
                  7.1608702629360954e-01,
                  3.5441203479765933e+00,
                  3.7478649142259984e-02,
                  4.5913006038494579e+01,
                  -1.2095394699837492e-01,
                  3.6280575472205281e+00,
                  -2.6503426368364633e+00,
                  2.7565683691966356e+01,
                  -1.6119882383251747e+00,
                  1.0438141053340637e-01,
                  -1.2991819384187482e+00,
                  2.6850009584480067e-01,
                  -1.0612715742232208e+00,
                  3.5812985555820620e+00,
                  -1.1694389846141637e+00,
                  5.1924415845137100e+03,
                  3.3127140394810954e-02,
                  7.2030125048700938e+01,
                  -7.7383987186369130e-01,
                  9.1222280014449325e+01,
                  7.3970917234988975e-01,
                  3.7591657016390432e+00,
                  9.8825207751635836e-04,
                  4.7456208093346902e+01,
                  -1.1594989793256134e-01,
                  3.5884036311651974e+00,
                  -2.6670463101538724e+00,
                  2.8730580577500497e+01,
                  -1.5957280966781153e+00,
                  9.9229076052768914e-02,
                  -1.3159485491321832e+00,
                  2.5567410107502669e-01,
                  -1.1041365626599580e+00,
                  3.6928700727349351e+00,
                  -1.1291233600824535e+00,
                  5.2562631329383694e+03,
                  2.7240721875657251e-02,
                  7.4912977320774985e+01,
                  -7.7163865853938951e-01,
                  9.3518924149630436e+01,
                  7.3479352922029861e-01,
                  9.1320145081540147e+00,
                  -2.6167084258845918e-01,
                  3.2937981687926066e+02,
                  -1.1481465733672300e-01,
                  5.6655889035110150e+00,
                  -4.5136935339988797e+00,
                  1.1378098476229978e+02,
                  -1.6481701601408922e+00,
                  1.7029094443372186e-01,
                  -2.0411454969907443e+00,
                  2.7080959726564707e-01,
                  -1.4724230537306029e+00,
                  4.7907591578708981e+00,
                  -9.7134347267093990e-01,
                  2.4847313081650744e+05,
                  8.0364368944026959e-02,
                  5.3116495038377900e+02,
                  -8.3514604803195092e-01,
                  6.3605812377175732e+02,
                  7.7835261468422412e-01,
                  7.8378179763584486e+00,
                  -1.1267186202707535e-01,
                  2.9638516905937877e+02,
                  -1.2263613696363408e-01,
                  5.7625701664195370e+00,
                  -4.5129969608906002e+00,
                  9.9712572656501095e+01,
                  -1.6591435620001427e+00,
                  1.7906357934523526e-01,
                  -1.9132330881950610e+00,
                  2.8936459979868412e-01,
                  -1.3861653058325216e+00,
                  4.6631590842963044e+00,
                  -9.9252948468114777e-01,
                  2.0665807225849913e+05,
                  9.2016624177096731e-02,
                  4.7476390533552615e+02,
                  -8.4560655494010217e-01,
                  5.8055017966785977e+02,
                  7.9380760080137380e-01,
                  8.5548773057332763e+00,
                  -1.9355202384776915e-01,
                  3.1460715472152913e+02,
                  -1.1789352741543448e-01,
                  5.7405704645956490e+00,
                  -4.5387340836782526e+00,
                  1.0803625392708669e+02,
                  -1.6722921959236789e+00,
                  1.7496387160002805e-01,
                  -1.9968913329663860e+00,
                  2.8094587669671495e-01,
                  -1.4512429764835544e+00,
                  4.7948507931690276e+00,
                  -9.7911581569135653e-01,
                  2.3072216890836938e+05,
                  8.4538520118782351e-02,
                  5.0881356638952184e+02,
                  -8.4707912924482975e-01,
                  6.1107542821508071e+02,
                  7.8833611719895358e-01
                ],
                "output_scale": [
                  1.0,
                  0.0,
                  1.0,
                  0.0
                ],
                "inv_output_scale": [
                  1.0,
                  0.0,
                  1.0,
                  0.0
                ],
                "weights": [
                  [
                    -8.2589841392409524e-01,
                    9.0719696234465230e-01,
                    2.4710128662926917e-01,
                    -1.1589128858321318e-01,
                    -8.6725636482771673e-01,
                    1.6811169628839107e+00,
                    -1.0329104691121733e+00,
                    9.0083960011338138e-01,
                    -1.8086358154401833e-01,
                    -3.6800423181920472e-01,
                    -2.1414106824941784e-01,
                    -2.5067570948008217e-01,
                    9.5878624510181265e-01,
                    -4.9557505937966773e-01,
                    -1.4548520743560259e-01,
                    4.7545537101743146e-01,
                    -7.5966970658860544e-01,
                    -2.0576727607781195e-01,
                    8.0309665875581704e-01,
                    -2.9334989112760845e-01,
                    1.0921426791966005e+00,
                    2.6978412060886042e-01,
                    -3.0516329731861466e-03,
                    -6.8816886694529567e-01,
                    -1.0559095430454224e+00,
                    5.6919814168307536e-01,
                    -7.3956123232830173e-01,
                    4.5948464647980841e-01,
                    -1.5052209831879845e-01,
                    -5.7475991745141308e-01,
                    -8.4985206669974400e-01,
                    6.1790301438412853e-01,
                    -4.6614848224316899e-02,
                    1.3962247349275422e-01,
                    2.1000283725448396e-01,
                    -1.8641496787745473e-01,
                    -6.1370318265863155e-01,
                    5.8395630812782917e-01,
                    -3.6933408939125550e-01,
                    4.0890930492532795e-01,
                    6.6316721932381850e-01,
                    5.0045336756385428e-01,
                    -7.1267352002407813e-01,
                    1.7738264657888761e-02,
                    -6.5426239347000070e-01,
                    -5.4270450638984905e-02,
                    -8.3348580456146226e-01,
                    -1.8354470165139633e-01,
                    1.3540343178588035e+00,
                    4.3248688655444301e-01,
                    -7.0526724996609658e-01,
                    -8.2844722575366098e-02,
                    -4.3762675034390425e-01,
                    -4.5416610200788082e-01,
                    -5.6349278637524747e-01,
                    1.0519480314529372e-02,
                    5.8662675345891946e-01,
                    7.0129278467749079e-01,
                    5.3607392519002595e-02,
                    2.3724405017144232e-01,
                    -7.3945943680523074e-01,
                    2.8093923407331078e-02,
                    2.3661601109314573e-01,
                    2.4985813335040373e-02,
                    -3.0809025862716871e-01,
                    6.6602465779332265e-01,
                    3.7150291731354124e-01,
                    -2.5266300044814832e-01,
                    8.3093924422466414e-01,
                    6.0755911136841734e-01,
                    -3.3193942607676441e-02,
                    -6.9595805110860631e-01,
                    -2.1593579095855439e-01,
                    4.7812800385519350e-01,
                    7.8371205299533953e-01,
                    -1.6992591848995184e-01,
                    9.1081004765820275e-02,
                    9.5381756972798859e-01,
                    5.0513281498259721e-01,
                    3.6861497991478887e-01,
                    -3.9175263461570897e-01,
                    -7.1203647703706974e-01,
                    -8.6599330364552074e-01,
                    -8.1675581064681269e-01,
                    2.2369134662285128e-01,
                    -8.2255555359040544e-01,
                    8.5210431000228148e-01,
                    1.0387041597605160e+00,
                    -1.7246473820839875e-01,
                    1.8928231672859719e-01,
                    9.6753877958433221e-01,
                    2.6333567459436596e-01,
                    1.2800162461014589e-01,
                    4.4470950171683760e-02,
                    -1.2699982548665991e+00,
                    7.2584764794225776e-01,
                    9.9710546543087988e-02,
                    7.0300773830320851e-01,
                    6.9994649342570814e-01,
                    4.9662743167724799e-01,
                    -7.2190012155893643e-02,
                    -2.7512459160748648e-01,
                    3.9616681866483311e-01,
                    7.4916122521506678e-01,
                    -3.0361294028628050e-01,
                    1.8605648443820927e-01,
                    3.3771891499775430e-01,
                    2.5997703705972336e-01,
                    -3.0771522997771761e-01,
                    -8.8906490636911983e-01,
                    -3.2346950464564192e-02,
                    -4.3845994249109524e-02,
                    -1.4479375448527562e-01,
                    -3.1418095719933392e-01,
                    -3.2996528749532839e-01,
                    3.5375416042680818e-01,
                    3.7186148882772435e-01,
                    6.4793054390520632e-02,
                    3.4586806911848922e-01,
                    -8.3220951318300196e-01,
                    8.9609094276927992e-01,
                    1.1270696345868139e-01,
                    -7.0369552081593612e-01,
                    9.1812702475080543e-01,
                    -1.0206578295413218e+00,
                    1.1463771593665222e-01,
                    6.7185439303329253e-01,
                    -9.4125347175876029e-01,
                    2.2702788078319941e-01,
                    1.9942319812515358e-01,
                    5.6820558790719247e-02,
                    -5.4512380992471754e-01,
                    8.1111604991466979e-01,
                    -9.4805732700395562e-01,
                    -3.0984215805998833e-01,
                    1.0581695482159552e-01,
                    -9.4707882073333562e-03,
                    4.2789495750706585e-01,
                    -6.8470456882796493e-01,
                    4.3181758232664880e-01,
                    -8.7260692304503840e-02,
                    3.2477170880599787e-01,
                    -9.8504081466993232e-01,
                    -5.8359748656449351e-01,
                    1.0442605360524135e-01,
                    6.1893915904261476e-01,
                    -2.7886117926215298e-01,
                    1.3905687465104608e-01,
                    1.5037383231713614e-01,
                    4.9729989537806385e-01,
                    8.1820527752957062e-01,
                    -4.2921428275346502e-01,
                    3.4831767296166172e-01,
                    -9.5871397138800840e-01,
                    -3.0956298497567647e-01,
                    3.9931751408808291e-01,
                    3.4275540810981088e-02,
                    1.5055637461413041e-01,
                    1.3336177699839513e-01,
                    -4.9066908976398660e-01,
                    -5.9120913575704892e-01,
                    5.0203299622326203e-01,
                    -8.2201645412889401e-01,
                    2.5972552300734070e-01,
                    -8.7378412622704782e-01,
                    -2.8439777575663999e-01,
                    -1.5127190364913412e-01,
                    5.4422223921892365e-01,
                    3.7673267463826453e-02,
                    -7.0834177510388652e-01,
                    2.2783046249139885e-01,
                    -3.1706298870343730e-01,
                    8.7653716811268712e-01,
                    3.6442125295352168e-01,
                    2.4116482901006306e-02,
                    -1.9539364127615269e-02,
                    -8.1672655816411388e-01,
                    9.5430386865943784e-01,
                    -1.8630287143849031e-01,
                    -5.5026893237899177e-01,
                    -6.1790867882883083e-01,
                    -6.0454758840079592e-01,
                    7.1169066406387427e-02,
                    -3.3030769915624641e-01,
                    -1.1694346427422708e+00,
                    -5.6901874920973106e-01,
                    8.2161653249403249e-02,
                    -2.8981610979469907e-01,
                    1.1332054808380660e+00,
                    5.3401713411867335e-01,
                    4.6203338436722766e-02,
                    6.6663691403320471e-02,
                    3.4765646938150080e-01,
                    -4.1200233850187590e-01,
                    5.0205466853711844e-01,
                    6.3221385663446072e-01,
                    4.6726436750189275e-02,
                    8.1073682325953622e-01,
                    4.6524449110857469e-01,
                    -1.3209020219724985e-01,
                    1.2108487279120113e+00,
                    -1.1995406380638984e+00,
                    6.4052377159479146e-01,
                    -3.9297939551245259e-01,
                    6.5864873491219472e-02,
                    8.4568641747157036e-01,
                    5.9181114282061897e-01,
                    -2.5399541764591155e-01,
                    -3.4524084340957484e-01,
                    -3.1890063382161749e-01,
                    -4.0957213559489236e-01,
                    3.5237314535825159e-01,
                    3.0878937201390688e-01,
                    1.9307723589782270e-02,
                    -4.9308333788237435e-01,
                    2.8620964523500425e-01,
                    -2.4372085469021160e-01,
                    6.7247734483624666e-01,
                    1.0690989463568751e-02,
                    7.0224551844399918e-01,
                    1.4048929434272641e+00,
                    1.6655076336240382e-01,
                    4.5422405797181625e-01,
                    -1.9057869768936045e-01,
                    -8.2980193585069029e-01,
                    3.0073369768702726e-02,
                    1.9407924248510325e-01,
                    1.6191283177361343e-01,
                    1.0515084401900059e+00,
                    -6.6330428584872425e-01,
                    3.3910416707957836e-01,
                    -2.8068947868866506e-01,
                    6.6923085959857653e-01,
                    -1.0750600492829927e+00,
                    -1.0371641642075265e-01,
                    -5.8413105573861179e-01,
                    -1.1675518295813105e+00,
                    3.8761953067271077e-01,
                    5.7181179018521866e-01,
                    -1.5861868255234884e-01,
                    -5.9950741894359605e-01,
                    1.1987916122002162e+00,
                    -2.5332342804578273e-02,
                    -7.1853978067290644e-02,
                    -6.4014202172648849e-01,
                    2.3610972075255088e-01,
                    2.5957056399947859e-01,
                    3.9674487742148368e-01,
                    -1.1683152845269795e+00,
                    -1.2213166158835838e-01,
                    6.8187498231164356e-01,
                    3.7775725096335921e-01,
                    3.8734138035222088e-01,
                    1.9286989498171531e-01,
                    -5.3866400309643880e-01,
                    -7.7596474139826219e-02,
                    5.9766320580093568e-01,
                    -4.1210810576490009e-01,
                    9.5007870829105046e-01,
                    -7.6892771606934818e-01,
                    1.0949125357008300e+00,
                    -1.7204908948464128e+00,
                    4.6310243391536432e-01,
                    -6.6241275925889687e-01,
                    -1.0684418318474087e-01,
                    2.6092186078009039e-01,
                    -3.2762756039170227e-01,
                    -1.0196452560688474e-01,
                    -7.8813736761848441e-01,
                    4.0696899900861111e-01,
                    8.2537877657097392e-01,
                    -1.2365304766862921e-01,
                    5.1788047406995630e-01,
                    -7.1454875943388063e-01,
                    2.0794949202846025e-01,
                    9.6743652985066442e-01,
                    6.9355305621528407e-01,
                    4.3254206309472676e-01,
                    -4.4313486273939207e-01,
                    -2.5435506741490005e-01,
                    2.2073617796294909e-01,
                    -3.6738160780438089e-01,
                    3.1442168449351382e-01,
                    6.2338905475462836e-02,
                    -1.5376835029003488e+00,
                    6.1799613021386324e-01,
                    -3.7954575611263774e-01,
                    2.2188194128131944e-01,
                    2.1223620872057999e-01,
                    1.4552101682609506e+00,
                    -6.5272700545446027e-01,
                    -3.7984832120701595e-01,
                    2.8186518008091979e-02,
                    1.0987083133007114e-01,
                    3.4029445492635912e-01,
                    -4.3979581707490378e-01,
                    2.1343936647321252e-01,
                    -7.2152851215161198e-02,
                    2.6580575401122453e-01,
                    -3.6535040378779110e-01,
                    -4.1124165255525114e+00,
                    3.2295276359611820e+00
                  ]
                ]
              }
            }
          },
          "requestProbabilities": false
        },
        {
          "type": "op.core.convert",
          "pixelType": "UINT8"
        }
      ]
    }
  }
}